﻿nome_empresa;link_reclame
BIG - Loja Online;https://www.reclameaqui.com.br/empresa/big-loja-online/
Big Bompreço - Loja Física;https://www.reclameaqui.com.br/empresa/big-bompreco/
Big Bompreço - Loja Online;https://www.reclameaqui.com.br/empresa/big-bompreco-loja-online/
Maxxi Atacado;https://www.reclameaqui.com.br/empresa/maxxi-atacado/
SAMS - Loja Online;https://www.reclameaqui.com.br/empresa/sams-loja-online/
SAMS CLUB - Loja Física;https://www.reclameaqui.com.br/empresa/sams-club/
Nacional Supermercado;https://www.reclameaqui.com.br/empresa/nacional-supermercado/
